{
  "debris": {
    "": [
      "(O)313",
      "(O)314",
      "(O)315",
      "(O)316",
      "(O)317",
      "(O)318",
      "(O)319",
      "(O)320",
      "(O)321",
      "(O)452",
      "(O)674",
      "(O)675",
      "(O)676",
      "(O)677",
      "(O)678",
      "(O)679",
      "(O)750",
      "(O)784",
      "(O)785",
      "(O)786",
      "(O)882",
      "(O)883",
      "(O)884",
      "(O)GreenRainWeeds0",
      "(O)GreenRainWeeds1",
      "(O)GreenRainWeeds2",
      "(O)GreenRainWeeds3",
      "(O)GreenRainWeeds4",
      "(O)GreenRainWeeds5",
      "(O)GreenRainWeeds6",
      "(O)GreenRainWeeds7"
    ],
    "tile-fertile_weed_name": [
      "(O)792",
      "(O)793",
      "(O)794"
    ],
    "tile-twig-name": [
      "(O)294",
      "(O)295"
    ],
    "tile-stone-name": [
      "(O)32",
      "(O)34",
      "(O)36",
      "(O)38",
      "(O)40",
      "(O)42",
      "(O)44",
      "(O)46",
      "(O)48",
      "(O)50",
      "(O)52",
      "(O)54",
      "(O)56",
      "(O)58",
      "(O)343",
      "(O)450",
      "(O)668",
      "(O)670",
      "(O)760",
      "(O)762",
      "(O)845",
      "(O)846",
      "(O)847"
    ],
    "Clay stone": [
      "(O)818"
    ],
    "Fossil stone": [
      "(O)816",
      "(O)817"
    ]
  },
  "decor": {
    "": [
      "(BC)0",
      "(BC)1",
      "(BC)2",
      "(BC)3",
      "(BC)4",
      "(BC)5",
      "(BC)6",
      "(BC)7",
      "(BC)22",
      "(BC)23",
      "(BC)26",
      "(BC)27",
      "(BC)28",
      "(BC)29",
      "(BC)31",
      "(BC)32",
      "(BC)33",
      "(BC)34",
      "(BC)35",
      "(BC)36",
      "(BC)40",
      "(BC)41",
      "(BC)42",
      "(BC)43",
      "(BC)44",
      "(BC)45",
      "(BC)46",
      "(BC)47",
      "(BC)48",
      "(BC)52",
      "(BC)53",
      "(BC)54",
      "(BC)55",
      "(BC)64",
      "(BC)65",
      "(BC)66",
      "(BC)67",
      "(BC)68",
      "(BC)69",
      "(BC)73",
      "(BC)74",
      "(BC)75",
      "(BC)76",
      "(BC)79",
      "(BC)80",
      "(BC)81",
      "(BC)82",
      "(BC)83",
      "(BC)84",
      "(BC)85",
      "(BC)86",
      "(BC)87",
      "(BC)88",
      "(BC)89",
      "(BC)95",
      "(BC)96",
      "(BC)98",
      "(BC)106",
      "(BC)107",
      "(BC)108",
      "(BC)111",
      "(BC)112",
      "(BC)116",
      "(BC)117",
      "(BC)127",
      "(BC)155",
      "(BC)160",
      "(BC)161",
      "(BC)184",
      "(BC)188",
      "(BC)162",
      "(BC)164",
      "(BC)192",
      "(BC)196",
      "(BC)200",
      "(BC)204",
      "(BC)221",
      "(F)1298",
      "(F)1299",
      "(F)1304",
      "(F)1305",
      "(F)1306",
      "(F)1307",
      "(F)1602",
      "(F)1614",
      "(F)1678",
      "(F)1814",
      "(F)1820",
      "(F)1821",
      "(F)1907",
      "(F)1973",
      "(F)1974",
      "(F)2634"
    ]
  },
  "flooring": {
    "": [
      "(F)1451",
      "(F)1618",
      "(F)1909"
    ]
  },
  "forageables": {
    "": [
      "(O)16",
      "(O)18",
      "(O)20",
      "(O)22",
      "(O)88",
      "(O)90",
      "(O)152",
      "(O)257",
      "(O)259",
      "(O)281",
      "(O)283",
      "(O)372",
      "(O)393",
      "(O)394",
      "(O)396",
      "(O)397",
      "(O)398",
      "(O)402",
      "(O)404",
      "(O)406",
      "(O)408",
      "(O)410",
      "(O)412",
      "(O)414",
      "(O)416",
      "(O)418",
      "(O)420",
      "(O)422",
      "(O)590",
      "(O)718",
      "(O)719",
      "(O)723"
    ],
    "tile-seed_spot_name": [
      "(O)SeedSpot"
    ]
  },
  "furniture": {
    "": [
      "(O)621"
    ]
  },
  "interactables": {
    "": [
      "(BC)8",
      "(BC)94",
      "(BC)110",
      "(BC)113",
      "(BC)126",
      "(BC)136",
      "(BC)137",
      "(BC)138",
      "(BC)139",
      "(BC)140",
      "(BC)167",
      "(BC)209",
      "(BC)214",
      "(BC)239",
      "(O)464",
      "(F)1466",
      "(F)1468",
      "(F)1680",
      "(F)2048",
      "(F)2052",
      "(F)2058",
      "(F)2064",
      "(F)2070",
      "(F)2076",
      "(F)2176",
      "(F)2180",
      "(F)2186",
      "(F)2192",
      "(F)2326",
      "(F)2496",
      "(F)2502",
      "(F)2508",
      "(F)2514",
      "(F)BluePinstripeBed",
      "(F)BluePinstripeDoubleBed",
      "(F)MidnightBeachBed",
      "(F)MidnightBeachDoubleBed",
      "(F)JojaBed",
      "(F)JunimoBed",
      "(F)RetroBed",
      "(F)RetroTV",
      "(F)WizardBed"
    ]
  },
  "lights": {
    "": [
      "(BC)72",
      "(BC)143",
      "(BC)144",
      "(BC)145",
      "(BC)146",
      "(BC)147",
      "(BC)148",
      "(BC)149",
      "(BC)150",
      "(BC)151",
      "(BC)152",
      "(BC)153",
      "(F)1792",
      "(F)1794",
      "(F)1796",
      "(F)1798",
      "(F)1800",
      "(F)1866",
      "(F)DesertFireplace",
      "(F)JojaFireplace",
      "(F)JunimoFireplace",
      "(F)RetroFireplace",
      "(F)WizardFireplace",
      "(O)93",
      "(O)94"
    ]
  },
  "mine_items": {
    "": [
      "(BC)118",
      "(BC)119",
      "(BC)120",
      "(BC)121",
      "(BC)122",
      "(BC)123",
      "(BC)124",
      "(BC)125",
      "(BC)174",
      "(BC)175",
      "(O)24",
      "(O)80",
      "(O)82",
      "(O)86",
      // Frozen geode
      "(O)76",
      // Magma geode
      "(O)77",
      // Geode
      "(O)75",
      // Omni geode node
      "(O)819",
      // Mussel Node
      "(O)25",
      // Radioactive Node
      "(O)95",
      // Cinder shard node
      "(O)843",
      "(O)844",
      // Amethyst node
      "(O)8",
      "(O)66",
      // Aquamarine node
      "(O)14",
      "(O)62",
      // Coal node
      "(O)BasicCoalNode0",
      "(O)BasicCoalNode1",
      "(O)VolcanoCoalNode0",
      "(O)VolcanoCoalNode1",
      // Copper node
      "(O)751",
      "(O)849",
      // Diamond node
      "(O)2",
      "(O)72",
      // Emerald node
      "(O)12",
      "(O)60",
      // Gem node
      "(O)44",
      // Jade node
      "(O)6",
      "(O)70",
      // Prismatic node
      "(O)74",
      // Ruby node
      "(O)4",
      "(O)64",
      // Topaz node
      "(O)10",
      "(O)68",
      // Gold node
      "(O)764",
      // Iridium node
      "(O)765",
      // Iron node
      "(O)290",
      "(O)850"
    ]
  },
  "resource_clumps": {
    "": [
      "(BC)78"
    ]
  },
  "trees": {
    "": [
      "(BC)70"
    ]
  }
}