{
  "148": "tile-resource_clump-boulder-name",
  "190": "tile-resource_clump-giant_cauliflower-name",
  "254": "tile-resource_clump-giant_melon-name",
  "276": "tile-resource_clump-giant_pumpkin-name",
  "600": "tile-resource_clump-large_stump-name",
  "602": "tile-resource_clump-hollow_log-name",
  "622": "tile-resource_clump-meteorite-name",
  "672": "tile-resource_clump-boulder-name",
  "752": "tile-resource_clump-mine_rock-name",
  "754": "tile-resource_clump-mine_rock-name",
  "756": "tile-resource_clump-mine_rock-name",
  "758": "tile-resource_clump-mine_rock-name",
  "44": "tile-resource_clump-giant_green_rain_weed-name",
  "46": "tile-resource_clump-giant_green_rain_weed-name"
}
